,lr = 0.1,lr = 0.01,lr = 0.001
0,0.840661938534279,0.04680851063829787,0.491725768321513
1,0.840661938534279,0.048699763593380616,0.49598108747044917
2,0.840661938534279,0.05626477541371158,0.49598108747044917
3,0.840661938534279,0.06524822695035461,0.49692671394799054
4,0.840661938534279,0.07470449172576832,0.4978723404255319
5,0.840661938534279,0.07423167848699763,0.5011820330969267
6,0.840661938534279,0.07943262411347518,0.5026004728132387
7,0.840661938534279,0.09219858156028368,0.5026004728132387
8,0.5527186761229315,0.09219858156028368,0.5026004728132387
9,0.5527186761229315,0.08652482269503546,0.5026004728132387
10,0.9375886524822695,0.11158392434988179,0.5049645390070922
11,0.9375886524822695,0.11347517730496454,0.5106382978723404
12,0.9375886524822695,0.11536643026004728,0.5106382978723404
13,0.9375886524822695,0.12198581560283688,0.5106382978723404
14,0.9375886524822695,0.13380614657210402,0.5106382978723404
15,0.9375886524822695,0.14657210401891252,0.5120567375886524
16,0.9375886524822695,0.14657210401891252,0.5120567375886524
17,0.9375886524822695,0.14657210401891252,0.5120567375886524
18,0.9314420803782506,0.14657210401891252,0.5139479905437352
19,0.9314420803782506,0.16643026004728131,0.5158392434988179
20,0.9314420803782506,0.17825059101654847,0.5158392434988179
21,0.9314420803782506,0.19243498817966903,0.5158392434988179
22,0.9314420803782506,0.225531914893617,0.5205673758865248
23,0.9314420803782506,0.225531914893617,0.5205673758865248
24,0.9314420803782506,0.233096926713948,0.5252955082742317
25,0.9314420803782506,0.2619385342789598,0.5252955082742317
26,0.9314420803782506,0.2765957446808511,0.5252955082742317
27,0.9314420803782506,0.31678486997635935,0.5276595744680851
28,0.9314420803782506,0.3380614657210402,0.5276595744680851
29,0.9314420803782506,0.4099290780141844,0.5290780141843971
30,0.9314420803782506,0.4052009456264775,0.5290780141843971
31,0.9314420803782506,0.4052009456264775,0.5290780141843971
32,0.9314420803782506,0.46808510638297873,0.5290780141843971
33,0.9314420803782506,0.48557919621749407,0.5290780141843971
34,0.9314420803782506,0.5177304964539007,0.5290780141843971
35,0.9314420803782506,0.5177304964539007,0.5290780141843971
36,0.9314420803782506,0.5588652482269504,0.532387706855792
37,0.9314420803782506,0.5588652482269504,0.533806146572104
38,0.9314420803782506,0.616548463356974,0.5399527186761229
39,0.9314420803782506,0.6245862884160757,0.5399527186761229
40,0.9314420803782506,0.6245862884160757,0.542789598108747
41,0.9314420803782506,0.6619385342789598,0.5437352245862884
42,0.9314420803782506,0.6619385342789598,0.5437352245862884
43,0.9314420803782506,0.6619385342789598,0.5465721040189125
44,0.9314420803782506,0.6619385342789598,0.5508274231678487
45,0.9314420803782506,0.6945626477541371,0.5541371158392435
46,0.9314420803782506,0.7309692671394799,0.5541371158392435
47,0.9314420803782506,0.7635933806146572,0.5560283687943263
48,0.9314420803782506,0.783451536643026,0.557919621749409
49,0.9314420803782506,0.7900709219858156,0.557919621749409
50,0.9314420803782506,0.7900709219858156,0.5598108747044918
51,0.9314420803782506,0.7900709219858156,0.5650118203309693
52,0.9314420803782506,0.8387706855791962,0.56548463356974
53,0.9702127659574468,0.8387706855791962,0.56548463356974
54,0.9702127659574468,0.8387706855791962,0.5697399527186762
55,0.9702127659574468,0.8387706855791962,0.5697399527186762
56,0.9276595744680851,0.8387706855791962,0.5739952718676123
57,0.9853427895981087,0.8387706855791962,0.5735224586288417
58,0.9853427895981087,0.8387706855791962,0.5815602836879432
59,0.9853427895981087,0.8387706855791962,0.5815602836879432
60,0.9853427895981087,0.8387706855791962,0.5815602836879432
61,0.9853427895981087,0.8387706855791962,0.5820330969267139
62,0.9853427895981087,0.8387706855791962,0.5820330969267139
63,0.9853427895981087,0.8387706855791962,0.5820330969267139
64,0.9853427895981087,0.8387706855791962,0.5910165484633569
65,0.9853427895981087,0.8449172576832151,0.5891252955082742
66,0.9853427895981087,0.8449172576832151,0.5891252955082742
67,0.9853427895981087,0.8449172576832151,0.5962174940898345
68,0.9853427895981087,0.8449172576832151,0.5962174940898345
69,0.9853427895981087,0.8449172576832151,0.592434988179669
70,0.9853427895981087,0.8449172576832151,0.592434988179669
71,0.9853427895981087,0.8449172576832151,0.592434988179669
72,0.9853427895981087,0.8449172576832151,0.592434988179669
73,0.9853427895981087,0.8449172576832151,0.592434988179669
74,0.9853427895981087,0.8449172576832151,0.592434988179669
75,0.9853427895981087,0.8449172576832151,0.592434988179669
76,0.9853427895981087,0.8449172576832151,0.6033096926713948
77,0.9853427895981087,0.8449172576832151,0.6033096926713948
78,0.9853427895981087,0.8553191489361702,0.6033096926713948
79,0.9853427895981087,0.8553191489361702,0.6066193853427896
80,0.9853427895981087,0.8553191489361702,0.6141843971631206
81,0.9853427895981087,0.8553191489361702,0.6141843971631206
82,0.9853427895981087,0.8553191489361702,0.6141843971631206
83,0.9853427895981087,0.8775413711583925,0.616548463356974
84,0.9853427895981087,0.8775413711583925,0.616548463356974
85,0.9853427895981087,0.8775413711583925,0.6198581560283688
86,0.9853427895981087,0.8775413711583925,0.6269503546099291
87,0.9853427895981087,0.8926713947990543,0.6283687943262412
88,0.9853427895981087,0.8926713947990543,0.6283687943262412
89,0.9853427895981087,0.8926713947990543,0.631678486997636
90,0.9853427895981087,0.8926713947990543,0.631678486997636
91,0.9853427895981087,0.8926713947990543,0.6373522458628842
92,0.9853427895981087,0.8926713947990543,0.6373522458628842
93,0.9853427895981087,0.8926713947990543,0.6430260047281324
94,0.9853427895981087,0.8926713947990543,0.6430260047281324
95,0.9853427895981087,0.8926713947990543,0.64822695035461
96,0.9853427895981087,0.8926713947990543,0.6453900709219859
97,0.9853427895981087,0.8926713947990543,0.6453900709219859
98,0.9853427895981087,0.8926713947990543,0.6453900709219859
99,0.9853427895981087,0.8926713947990543,0.6453900709219859
100,0.9853427895981087,0.8926713947990543,0.6520094562647755
101,0.9853427895981087,0.8926713947990543,0.6520094562647755
102,0.9853427895981087,0.8926713947990543,0.6520094562647755
103,0.9853427895981087,0.8926713947990543,0.6520094562647755
104,0.9853427895981087,0.8926713947990543,0.6520094562647755
105,0.9853427895981087,0.8926713947990543,0.6520094562647755
106,0.9853427895981087,0.8926713947990543,0.6520094562647755
107,0.9853427895981087,0.8973995271867612,0.6520094562647755
108,0.9853427895981087,0.8973995271867612,0.6520094562647755
109,0.9853427895981087,0.9120567375886525,0.6543735224586288
110,0.9853427895981087,0.9120567375886525,0.6543735224586288
111,0.9853427895981087,0.9120567375886525,0.6543735224586288
112,0.9853427895981087,0.9120567375886525,0.6581560283687943
113,0.9853427895981087,0.9120567375886525,0.6581560283687943
114,0.9853427895981087,0.9238770685579196,0.6605200945626477
115,0.9853427895981087,0.9238770685579196,0.6624113475177305
116,0.9853427895981087,0.9238770685579196,0.6624113475177305
117,0.9853427895981087,0.9238770685579196,0.6624113475177305
118,0.9853427895981087,0.9238770685579196,0.6624113475177305
119,0.9853427895981087,0.9238770685579196,0.6624113475177305
120,0.9853427895981087,0.9238770685579196,0.6657210401891253
121,0.9853427895981087,0.9238770685579196,0.6671394799054373
122,0.9853427895981087,0.9238770685579196,0.6671394799054373
123,0.9952718676122931,0.9347517730496454,0.6671394799054373
124,0.9952718676122931,0.9347517730496454,0.6699763593380614
125,0.9952718676122931,0.9347517730496454,0.6699763593380614
126,0.9952718676122931,0.9347517730496454,0.6699763593380614
127,0.9952718676122931,0.9347517730496454,0.6699763593380614
128,0.9952718676122931,0.9347517730496454,0.6699763593380614
129,0.9952718676122931,0.9347517730496454,0.6742316784869976
130,0.9952718676122931,0.9347517730496454,0.6742316784869976
131,0.9952718676122931,0.9347517730496454,0.6742316784869976
132,0.9952718676122931,0.9347517730496454,0.6742316784869976
133,0.9952718676122931,0.9347517730496454,0.6742316784869976
134,0.9952718676122931,0.9465721040189126,0.6742316784869976
135,0.9952718676122931,0.9465721040189126,0.6770685579196217
136,0.9952718676122931,0.9494089834515367,0.6789598108747045
137,0.9952718676122931,0.9494089834515367,0.6789598108747045
138,0.9952718676122931,0.9494089834515367,0.6789598108747045
139,0.9952718676122931,0.9494089834515367,0.6789598108747045
140,0.9952718676122931,0.9494089834515367,0.6789598108747045
141,0.9952718676122931,0.9621749408983451,0.68274231678487
142,0.9952718676122931,0.9621749408983451,0.68274231678487
143,0.9952718676122931,0.9621749408983451,0.68274231678487
144,0.9952718676122931,0.9621749408983451,0.6851063829787234
145,0.9952718676122931,0.9621749408983451,0.6851063829787234
146,0.9952718676122931,0.9621749408983451,0.6851063829787234
147,0.9952718676122931,0.9621749408983451,0.6851063829787234
148,0.9952718676122931,0.9621749408983451,0.6851063829787234
149,0.9952718676122931,0.9621749408983451,0.6851063829787234
150,0.9952718676122931,0.9621749408983451,0.6851063829787234
151,0.9952718676122931,0.9621749408983451,0.6851063829787234
152,0.9952718676122931,0.9621749408983451,0.6851063829787234
153,0.9952718676122931,0.9621749408983451,0.6851063829787234
154,0.9952718676122931,0.9621749408983451,0.6851063829787234
155,0.9952718676122931,0.9621749408983451,0.6851063829787234
156,0.9952718676122931,0.9621749408983451,0.6851063829787234
157,0.9952718676122931,0.9621749408983451,0.6851063829787234
158,0.9952718676122931,0.9621749408983451,0.6851063829787234
159,0.9952718676122931,0.9621749408983451,0.6851063829787234
160,0.9952718676122931,0.9621749408983451,0.6851063829787234
161,0.9952718676122931,0.9621749408983451,0.6860520094562648
162,0.9952718676122931,0.9621749408983451,0.6860520094562648
163,0.9952718676122931,0.9621749408983451,0.6860520094562648
164,0.9952718676122931,0.9621749408983451,0.6860520094562648
165,0.9952718676122931,0.9621749408983451,0.6860520094562648
166,0.9952718676122931,0.9621749408983451,0.6860520094562648
167,0.9952718676122931,0.9621749408983451,0.6860520094562648
168,0.9952718676122931,0.9621749408983451,0.6860520094562648
169,0.9952718676122931,0.9621749408983451,0.6860520094562648
170,0.9952718676122931,0.9621749408983451,0.6860520094562648
171,0.9952718676122931,0.9621749408983451,0.6860520094562648
172,0.9952718676122931,0.966903073286052,0.6884160756501182
173,0.9952718676122931,0.966903073286052,0.6884160756501182
174,0.9952718676122931,0.966903073286052,0.6884160756501182
175,0.9952718676122931,0.966903073286052,0.6884160756501182
176,0.9952718676122931,0.966903073286052,0.6884160756501182
177,0.9952718676122931,0.966903073286052,0.6884160756501182
178,0.9952718676122931,0.966903073286052,0.6884160756501182
179,0.9952718676122931,0.966903073286052,0.6898345153664303
180,0.9952718676122931,0.966903073286052,0.6898345153664303
181,0.9952718676122931,0.966903073286052,0.6898345153664303
182,0.9952718676122931,0.966903073286052,0.6898345153664303
183,0.9952718676122931,0.966903073286052,0.6898345153664303
184,0.9952718676122931,0.966903073286052,0.6898345153664303
185,0.9952718676122931,0.966903073286052,0.6898345153664303
186,0.9952718676122931,0.966903073286052,0.6898345153664303
187,0.9952718676122931,0.966903073286052,0.6898345153664303
188,0.9952718676122931,0.966903073286052,0.6898345153664303
189,0.9952718676122931,0.966903073286052,0.6898345153664303
190,0.9952718676122931,0.966903073286052,0.6898345153664303
191,0.9952718676122931,0.966903073286052,0.6898345153664303
192,0.9952718676122931,0.966903073286052,0.6898345153664303
193,0.9952718676122931,0.966903073286052,0.6898345153664303
194,0.9952718676122931,0.966903073286052,0.691725768321513
195,0.9952718676122931,0.966903073286052,0.691725768321513
196,0.9952718676122931,0.966903073286052,0.6988179669030733
197,0.9952718676122931,0.966903073286052,0.6988179669030733
198,0.9952718676122931,0.966903073286052,0.6988179669030733
199,0.9952718676122931,0.966903073286052,0.6988179669030733
200,0.9952718676122931,0.966903073286052,0.6988179669030733
201,0.9952718676122931,0.966903073286052,0.6988179669030733
202,0.9952718676122931,0.966903073286052,0.6988179669030733
203,0.9952718676122931,0.966903073286052,0.6988179669030733
204,0.9952718676122931,0.966903073286052,0.7011820330969267
205,0.9952718676122931,0.966903073286052,0.7011820330969267
206,0.9952718676122931,0.966903073286052,0.7011820330969267
207,0.9952718676122931,0.966903073286052,0.7044917257683215
208,0.9952718676122931,0.966903073286052,0.7044917257683215
209,0.9952718676122931,0.966903073286052,0.7106382978723405
210,0.9952718676122931,0.9697399527186761,0.7106382978723405
211,0.9952718676122931,0.9697399527186761,0.7106382978723405
212,0.9952718676122931,0.9697399527186761,0.7106382978723405
213,0.9952718676122931,0.9697399527186761,0.7106382978723405
214,0.9952718676122931,0.9697399527186761,0.7106382978723405
215,0.9952718676122931,0.9697399527186761,0.7106382978723405
216,0.9952718676122931,0.9697399527186761,0.7172576832151301
217,0.9952718676122931,0.9697399527186761,0.7172576832151301
218,0.9952718676122931,0.9697399527186761,0.7172576832151301
219,0.9952718676122931,0.9697399527186761,0.7172576832151301
220,0.9952718676122931,0.9697399527186761,0.7148936170212766
221,0.9952718676122931,0.9697399527186761,0.7148936170212766
222,0.9952718676122931,0.9697399527186761,0.7182033096926714
223,0.9952718676122931,0.9697399527186761,0.7182033096926714
224,0.9952718676122931,0.9697399527186761,0.7182033096926714
225,0.9952718676122931,0.9697399527186761,0.7191489361702128
226,0.9952718676122931,0.9697399527186761,0.7196217494089835
227,0.9952718676122931,0.9697399527186761,0.7196217494089835
228,0.9952718676122931,0.9697399527186761,0.7238770685579197
229,0.9952718676122931,0.9697399527186761,0.7276595744680852
230,0.9952718676122931,0.9697399527186761,0.7276595744680852
231,0.9952718676122931,0.9777777777777777,0.7276595744680852
232,0.9952718676122931,0.9777777777777777,0.7295508274231679
233,0.9952718676122931,0.9777777777777777,0.7309692671394799
234,0.9952718676122931,0.9777777777777777,0.7309692671394799
235,0.9952718676122931,0.9777777777777777,0.7309692671394799
236,0.9952718676122931,0.9777777777777777,0.7347517730496453
237,0.9952718676122931,0.9777777777777777,0.7347517730496453
238,0.9952718676122931,0.9777777777777777,0.7347517730496453
239,0.9952718676122931,0.9777777777777777,0.7347517730496453
240,0.9952718676122931,0.9777777777777777,0.7347517730496453
241,0.9952718676122931,0.9777777777777777,0.7361702127659574
242,0.9952718676122931,0.9777777777777777,0.7361702127659574
243,0.9952718676122931,0.9777777777777777,0.7361702127659574
244,0.9952718676122931,0.9777777777777777,0.7361702127659574
245,0.9952718676122931,0.9810874704491725,0.7361702127659574
246,0.9952718676122931,0.9810874704491725,0.7385342789598108
247,0.9952718676122931,0.9810874704491725,0.7385342789598108
248,0.9952718676122931,0.9810874704491725,0.7423167848699763
249,0.9952718676122931,0.9810874704491725,0.7423167848699763
250,0.9952718676122931,0.9791962174940898,0.7465721040189125
251,0.9952718676122931,0.9791962174940898,0.7465721040189125
252,0.9952718676122931,0.9791962174940898,0.7465721040189125
253,0.9952718676122931,0.9791962174940898,0.7470449172576832
254,0.9952718676122931,0.9791962174940898,0.7470449172576832
255,0.9952718676122931,0.9791962174940898,0.7470449172576832
256,0.9952718676122931,0.9791962174940898,0.75177304964539
257,0.9952718676122931,0.9791962174940898,0.7546099290780142
258,0.9952718676122931,0.9791962174940898,0.7546099290780142
259,0.9952718676122931,0.9791962174940898,0.7546099290780142
260,0.9952718676122931,0.9791962174940898,0.7574468085106383
261,0.9952718676122931,0.9791962174940898,0.7574468085106383
262,0.9952718676122931,0.9791962174940898,0.7574468085106383
263,0.9952718676122931,0.9791962174940898,0.7574468085106383
264,0.9952718676122931,0.9791962174940898,0.7574468085106383
265,0.9952718676122931,0.9791962174940898,0.7574468085106383
266,0.9952718676122931,0.9791962174940898,0.7602836879432624
267,0.9952718676122931,0.9791962174940898,0.7602836879432624
268,0.9952718676122931,0.9791962174940898,0.7645390070921986
269,0.9952718676122931,0.9791962174940898,0.7645390070921986
270,0.9952718676122931,0.9791962174940898,0.7683215130023641
271,0.9952718676122931,0.9791962174940898,0.7730496453900709
272,0.9952718676122931,0.9791962174940898,0.7815602836879433
273,0.9952718676122931,0.9791962174940898,0.7815602836879433
274,0.9952718676122931,0.9791962174940898,0.7796690307328605
275,0.9952718676122931,0.9791962174940898,0.7796690307328605
276,0.9952718676122931,0.9791962174940898,0.7867612293144208
277,0.9952718676122931,0.9791962174940898,0.7867612293144208
278,0.9952718676122931,0.9791962174940898,0.7867612293144208
279,0.9952718676122931,0.9791962174940898,0.789598108747045
280,0.9952718676122931,0.9791962174940898,0.789598108747045
281,0.9952718676122931,0.9791962174940898,0.789598108747045
282,0.9952718676122931,0.9791962174940898,0.7962174940898346
283,0.9952718676122931,0.9791962174940898,0.7962174940898346
284,0.9952718676122931,0.9791962174940898,0.7966903073286052
285,0.9952718676122931,0.9791962174940898,0.7966903073286052
286,0.9952718676122931,0.9791962174940898,0.7966903073286052
287,0.9952718676122931,0.9791962174940898,0.7966903073286052
288,0.9952718676122931,0.9791962174940898,0.8004728132387707
289,0.9952718676122931,0.9791962174940898,0.8004728132387707
290,0.9952718676122931,0.9791962174940898,0.8004728132387707
291,0.9531914893617022,0.9791962174940898,0.8004728132387707
292,0.9531914893617022,0.9791962174940898,0.8004728132387707
293,0.9531914893617022,0.9791962174940898,0.8004728132387707
294,0.9962174940898345,0.9791962174940898,0.8047281323877069
295,0.9962174940898345,0.9791962174940898,0.8047281323877069
296,0.9962174940898345,0.9791962174940898,0.8047281323877069
297,0.9962174940898345,0.9791962174940898,0.8047281323877069
298,0.9962174940898345,0.9791962174940898,0.8047281323877069
299,0.9962174940898345,0.9791962174940898,0.8047281323877069
300,0.9962174940898345,0.9791962174940898,0.8047281323877069
301,0.9962174940898345,0.9791962174940898,0.8042553191489362
302,0.9962174940898345,0.9791962174940898,0.8042553191489362
303,0.9962174940898345,0.9791962174940898,0.8042553191489362
304,0.9962174940898345,0.9791962174940898,0.8042553191489362
305,0.9962174940898345,0.9791962174940898,0.8066193853427897
306,0.9962174940898345,0.9791962174940898,0.8066193853427897
307,0.9962174940898345,0.9791962174940898,0.8066193853427897
308,0.9962174940898345,0.9791962174940898,0.8066193853427897
309,0.9962174940898345,0.9791962174940898,0.8066193853427897
310,0.9962174940898345,0.9791962174940898,0.8066193853427897
311,0.9962174940898345,0.9791962174940898,0.8066193853427897
312,0.9962174940898345,0.9791962174940898,0.8066193853427897
313,0.9962174940898345,0.9791962174940898,0.8066193853427897
314,0.9234042553191489,0.9791962174940898,0.8066193853427897
315,0.9234042553191489,0.9791962174940898,0.8066193853427897
316,0.9234042553191489,0.9791962174940898,0.8066193853427897
317,0.9234042553191489,0.9791962174940898,0.8066193853427897
318,0.9234042553191489,0.9791962174940898,0.8066193853427897
319,0.9234042553191489,0.9791962174940898,0.808983451536643
320,0.9234042553191489,0.9791962174940898,0.808983451536643
321,0.983451536643026,0.9773049645390071,0.808983451536643
322,0.983451536643026,0.9773049645390071,0.8099290780141843
323,0.983451536643026,0.9773049645390071,0.8122931442080378
324,0.983451536643026,0.9773049645390071,0.8127659574468085
325,0.983451536643026,0.9773049645390071,0.8127659574468085
326,0.983451536643026,0.9773049645390071,0.8127659574468085
327,0.983451536643026,0.9773049645390071,0.8170212765957446
328,0.983451536643026,0.9773049645390071,0.8170212765957446
329,0.983451536643026,0.9773049645390071,0.8174940898345153
330,0.983451536643026,0.9773049645390071,0.8174940898345153
331,0.983451536643026,0.9773049645390071,0.8174940898345153
332,0.983451536643026,0.9773049645390071,0.8174940898345153
333,0.983451536643026,0.9773049645390071,0.8174940898345153
334,0.983451536643026,0.9773049645390071,0.8174940898345153
335,0.983451536643026,0.9773049645390071,0.8174940898345153
336,0.983451536643026,0.9773049645390071,0.8231678486997636
337,0.983451536643026,0.9773049645390071,0.8231678486997636
338,0.983451536643026,0.9773049645390071,0.825531914893617
339,0.983451536643026,0.9773049645390071,0.8302600472813239
340,0.983451536643026,0.9773049645390071,0.8302600472813239
341,0.983451536643026,0.9773049645390071,0.8302600472813239
342,0.983451536643026,0.9773049645390071,0.8302600472813239
343,0.983451536643026,0.9773049645390071,0.8302600472813239
344,0.983451536643026,0.9773049645390071,0.8302600472813239
345,0.983451536643026,0.9773049645390071,0.8302600472813239
346,0.983451536643026,0.9773049645390071,0.8302600472813239
347,0.983451536643026,0.9773049645390071,0.8302600472813239
348,0.983451536643026,0.9773049645390071,0.8302600472813239
349,0.983451536643026,0.9773049645390071,0.8302600472813239
350,0.983451536643026,0.9773049645390071,0.8302600472813239
351,0.983451536643026,0.9773049645390071,0.8302600472813239
352,0.983451536643026,0.9773049645390071,0.8302600472813239
353,0.983451536643026,0.9773049645390071,0.8302600472813239
354,0.983451536643026,0.9773049645390071,0.8302600472813239
355,0.983451536643026,0.9773049645390071,0.8302600472813239
356,0.983451536643026,0.9773049645390071,0.8302600472813239
357,0.983451536643026,0.9773049645390071,0.8302600472813239
358,0.983451536643026,0.9773049645390071,0.8302600472813239
359,0.983451536643026,0.9773049645390071,0.8307328605200945
360,0.983451536643026,0.9773049645390071,0.8307328605200945
361,0.983451536643026,0.9773049645390071,0.8307328605200945
362,0.983451536643026,0.9773049645390071,0.8326241134751773
363,0.983451536643026,0.9773049645390071,0.8326241134751773
364,0.983451536643026,0.9773049645390071,0.8326241134751773
365,0.983451536643026,0.9773049645390071,0.8326241134751773
366,0.983451536643026,0.9773049645390071,0.8326241134751773
367,0.983451536643026,0.9773049645390071,0.8326241134751773
368,0.983451536643026,0.9773049645390071,0.8326241134751773
369,0.983451536643026,0.9773049645390071,0.8326241134751773
370,0.983451536643026,0.9773049645390071,0.8326241134751773
371,0.983451536643026,0.9773049645390071,0.8326241134751773
372,0.983451536643026,0.9773049645390071,0.8326241134751773
373,0.983451536643026,0.9773049645390071,0.8326241134751773
374,0.983451536643026,0.9773049645390071,0.8326241134751773
375,0.983451536643026,0.9773049645390071,0.8326241134751773
376,0.983451536643026,0.9773049645390071,0.8326241134751773
377,0.983451536643026,0.9773049645390071,0.8326241134751773
378,0.983451536643026,0.9773049645390071,0.8354609929078014
379,0.983451536643026,0.9773049645390071,0.8354609929078014
380,0.983451536643026,0.9773049645390071,0.8354609929078014
381,0.983451536643026,0.9773049645390071,0.8354609929078014
382,0.983451536643026,0.9773049645390071,0.8354609929078014
383,0.983451536643026,0.9773049645390071,0.8411347517730496
384,0.983451536643026,0.9773049645390071,0.8411347517730496
385,0.983451536643026,0.9773049645390071,0.8458628841607565
386,0.983451536643026,0.9773049645390071,0.8458628841607565
387,0.983451536643026,0.9773049645390071,0.8458628841607565
388,0.983451536643026,0.9773049645390071,0.8468085106382979
389,0.983451536643026,0.9773049645390071,0.8468085106382979
390,0.983451536643026,0.9773049645390071,0.8468085106382979
391,0.983451536643026,0.9773049645390071,0.8468085106382979
392,0.983451536643026,0.9773049645390071,0.8458628841607565
393,0.983451536643026,0.9773049645390071,0.8458628841607565
394,0.983451536643026,0.9773049645390071,0.849645390070922
395,0.983451536643026,0.9773049645390071,0.849645390070922
396,0.983451536643026,0.9773049645390071,0.849645390070922
397,0.983451536643026,0.9773049645390071,0.849645390070922
398,0.983451536643026,0.9773049645390071,0.849645390070922
399,0.983451536643026,0.9773049645390071,0.849645390070922
400,0.983451536643026,0.9881796690307328,0.851063829787234
401,0.983451536643026,0.9881796690307328,0.851063829787234
402,0.983451536643026,0.9881796690307328,0.8524822695035461
403,0.983451536643026,0.9881796690307328,0.8524822695035461
404,0.983451536643026,0.9881796690307328,0.8524822695035461
405,0.983451536643026,0.9881796690307328,0.8524822695035461
406,0.983451536643026,0.9881796690307328,0.8524822695035461
407,0.983451536643026,0.9881796690307328,0.8524822695035461
408,0.983451536643026,0.9881796690307328,0.8524822695035461
409,0.983451536643026,0.9881796690307328,0.8524822695035461
410,0.983451536643026,0.9881796690307328,0.8524822695035461
411,0.983451536643026,0.9881796690307328,0.8543735224586289
412,0.983451536643026,0.9881796690307328,0.8543735224586289
413,0.983451536643026,0.9881796690307328,0.8543735224586289
414,0.983451536643026,0.9881796690307328,0.8557919621749409
415,0.983451536643026,0.9881796690307328,0.8557919621749409
416,0.9957446808510638,0.9881796690307328,0.8557919621749409
417,0.9957446808510638,0.9881796690307328,0.8557919621749409
418,0.9957446808510638,0.9881796690307328,0.8557919621749409
419,0.9957446808510638,0.9881796690307328,0.8557919621749409
420,0.9957446808510638,0.9881796690307328,0.8557919621749409
421,0.9957446808510638,0.9881796690307328,0.8557919621749409
422,0.9957446808510638,0.9881796690307328,0.8557919621749409
423,0.9957446808510638,0.9881796690307328,0.8557919621749409
424,0.9957446808510638,0.9881796690307328,0.8557919621749409
425,0.9957446808510638,0.9881796690307328,0.8557919621749409
426,0.9957446808510638,0.9881796690307328,0.8557919621749409
427,0.9957446808510638,0.9881796690307328,0.8557919621749409
428,0.9957446808510638,0.9881796690307328,0.8562647754137116
429,0.9957446808510638,0.9881796690307328,0.8562647754137116
430,0.9957446808510638,0.9881796690307328,0.8591016548463357
431,0.9957446808510638,0.9881796690307328,0.8591016548463357
432,0.9957446808510638,0.9881796690307328,0.8591016548463357
433,0.9957446808510638,0.9881796690307328,0.8591016548463357
434,0.9957446808510638,0.9881796690307328,0.8591016548463357
435,0.9957446808510638,0.9881796690307328,0.8591016548463357
436,0.9957446808510638,0.9881796690307328,0.8591016548463357
437,0.9957446808510638,0.9881796690307328,0.8591016548463357
438,0.9957446808510638,0.9881796690307328,0.8591016548463357
439,0.9957446808510638,0.9881796690307328,0.8591016548463357
440,0.9957446808510638,0.9881796690307328,0.8591016548463357
441,0.9957446808510638,0.9881796690307328,0.8591016548463357
442,0.9957446808510638,0.9881796690307328,0.8591016548463357
443,0.9957446808510638,0.9881796690307328,0.8591016548463357
444,0.9957446808510638,0.9881796690307328,0.8591016548463357
445,0.9957446808510638,0.9881796690307328,0.8591016548463357
446,0.9957446808510638,0.9881796690307328,0.8591016548463357
447,0.9957446808510638,0.9881796690307328,0.8591016548463357
448,0.9957446808510638,0.9881796690307328,0.8591016548463357
449,0.9957446808510638,0.9881796690307328,0.8591016548463357
450,0.9957446808510638,0.9881796690307328,0.8591016548463357
451,0.9957446808510638,0.9881796690307328,0.8614657210401891
452,0.9957446808510638,0.9881796690307328,0.8614657210401891
453,0.9957446808510638,0.9881796690307328,0.8614657210401891
454,0.9957446808510638,0.9881796690307328,0.8614657210401891
455,0.9957446808510638,0.9881796690307328,0.8643026004728133
456,0.9957446808510638,0.9881796690307328,0.864775413711584
457,0.9957446808510638,0.9881796690307328,0.864775413711584
458,0.9957446808510638,0.9881796690307328,0.864775413711584
459,0.9957446808510638,0.9881796690307328,0.864775413711584
460,0.9957446808510638,0.9881796690307328,0.864775413711584
461,0.9957446808510638,0.9881796690307328,0.864775413711584
462,0.9957446808510638,0.9881796690307328,0.864775413711584
463,0.9957446808510638,0.9881796690307328,0.8685579196217494
464,0.9957446808510638,0.9881796690307328,0.8685579196217494
465,0.9957446808510638,0.9881796690307328,0.8685579196217494
466,0.9957446808510638,0.9881796690307328,0.8685579196217494
467,0.9957446808510638,0.9881796690307328,0.8685579196217494
468,0.9957446808510638,0.9881796690307328,0.8685579196217494
469,0.9957446808510638,0.9881796690307328,0.8676122931442081
470,0.9957446808510638,0.9881796690307328,0.8676122931442081
471,0.9957446808510638,0.9881796690307328,0.8685579196217494
472,0.9957446808510638,0.9881796690307328,0.8685579196217494
473,0.9957446808510638,0.9881796690307328,0.8709219858156029
474,0.9957446808510638,0.9881796690307328,0.8709219858156029
475,0.9957446808510638,0.9881796690307328,0.8709219858156029
476,0.9957446808510638,0.9881796690307328,0.8709219858156029
477,0.9957446808510638,0.9881796690307328,0.8709219858156029
478,0.9957446808510638,0.9881796690307328,0.8713947990543736
479,0.9957446808510638,0.9881796690307328,0.8713947990543736
480,0.9957446808510638,0.9881796690307328,0.8713947990543736
481,0.9957446808510638,0.9881796690307328,0.8713947990543736
482,0.9957446808510638,0.9881796690307328,0.8713947990543736
483,0.9957446808510638,0.9881796690307328,0.8713947990543736
484,0.9957446808510638,0.9881796690307328,0.8713947990543736
485,0.9957446808510638,0.9881796690307328,0.8713947990543736
486,0.9957446808510638,0.9881796690307328,0.8713947990543736
487,0.9957446808510638,0.9881796690307328,0.8728132387706856
488,0.9957446808510638,0.9881796690307328,0.8728132387706856
489,0.9957446808510638,0.9881796690307328,0.8728132387706856
490,0.9957446808510638,0.9881796690307328,0.8728132387706856
491,0.9957446808510638,0.9881796690307328,0.8728132387706856
492,0.9971631205673759,0.9881796690307328,0.8728132387706856
493,0.9971631205673759,0.9881796690307328,0.8728132387706856
494,0.9971631205673759,0.9881796690307328,0.8747044917257684
495,0.9971631205673759,0.9881796690307328,0.875177304964539
496,0.9971631205673759,0.9881796690307328,0.875177304964539
497,0.9971631205673759,0.9881796690307328,0.875177304964539
498,0.9971631205673759,0.9881796690307328,0.875177304964539
499,0.9971631205673759,0.9881796690307328,0.875177304964539
500,0.9971631205673759,0.9881796690307328,0.875177304964539
501,0.9971631205673759,0.9881796690307328,0.875177304964539
502,0.9971631205673759,0.9881796690307328,0.875177304964539
503,0.9971631205673759,0.9881796690307328,0.875177304964539
504,0.9971631205673759,0.9881796690307328,0.875177304964539
505,0.9971631205673759,0.9881796690307328,0.875177304964539
506,0.9971631205673759,0.9881796690307328,0.875177304964539
507,0.9971631205673759,0.9881796690307328,0.875177304964539
508,0.9971631205673759,0.9881796690307328,0.875177304964539
509,0.9971631205673759,0.9881796690307328,0.875177304964539
510,0.9971631205673759,0.9881796690307328,0.875177304964539
511,0.9971631205673759,0.9881796690307328,0.875177304964539
512,0.9971631205673759,0.9881796690307328,0.875177304964539
513,0.9971631205673759,0.9881796690307328,0.875177304964539
514,0.9971631205673759,0.9881796690307328,0.8761229314420804
515,0.9971631205673759,0.9881796690307328,0.8761229314420804
516,0.9971631205673759,0.9881796690307328,0.8761229314420804
517,0.9971631205673759,0.9881796690307328,0.8761229314420804
518,0.9971631205673759,0.9881796690307328,0.8761229314420804
519,0.9971631205673759,0.9881796690307328,0.8761229314420804
520,0.9971631205673759,0.9881796690307328,0.8775413711583925
521,0.9971631205673759,0.9881796690307328,0.8775413711583925
522,0.9971631205673759,0.9881796690307328,0.8775413711583925
523,0.9971631205673759,0.9881796690307328,0.8775413711583925
524,0.9971631205673759,0.9881796690307328,0.8775413711583925
525,0.9971631205673759,0.9881796690307328,0.8775413711583925
526,0.9971631205673759,0.9881796690307328,0.8775413711583925
527,0.9971631205673759,0.9881796690307328,0.8775413711583925
528,0.9971631205673759,0.9881796690307328,0.8775413711583925
529,0.9971631205673759,0.9881796690307328,0.8775413711583925
530,0.9971631205673759,0.9881796690307328,0.8770685579196218
531,0.9971631205673759,0.9881796690307328,0.8770685579196218
532,0.9971631205673759,0.9881796690307328,0.8770685579196218
533,0.9971631205673759,0.9881796690307328,0.8770685579196218
534,0.9971631205673759,0.9881796690307328,0.8770685579196218
535,0.9971631205673759,0.9881796690307328,0.8775413711583925
536,0.9971631205673759,0.9881796690307328,0.8775413711583925
537,0.9971631205673759,0.9881796690307328,0.8775413711583925
538,0.9971631205673759,0.9881796690307328,0.8775413711583925
539,0.9971631205673759,0.9881796690307328,0.8775413711583925
540,0.9971631205673759,0.9881796690307328,0.8775413711583925
541,0.9971631205673759,0.9881796690307328,0.8775413711583925
542,0.9971631205673759,0.9881796690307328,0.8775413711583925
543,0.9971631205673759,0.9881796690307328,0.8775413711583925
544,0.9971631205673759,0.9881796690307328,0.8775413711583925
545,0.9971631205673759,0.9881796690307328,0.8775413711583925
546,0.9971631205673759,0.9881796690307328,0.8775413711583925
547,0.9971631205673759,0.9881796690307328,0.8775413711583925
548,0.9971631205673759,0.9881796690307328,0.8775413711583925
549,0.9971631205673759,0.9881796690307328,0.8775413711583925
550,0.9971631205673759,0.9881796690307328,0.8775413711583925
551,0.9971631205673759,0.9881796690307328,0.8775413711583925
552,0.9971631205673759,0.9881796690307328,0.8775413711583925
553,0.9971631205673759,0.9881796690307328,0.8775413711583925
554,0.9971631205673759,0.9881796690307328,0.8775413711583925
555,0.9971631205673759,0.9881796690307328,0.8775413711583925
556,0.9971631205673759,0.9881796690307328,0.8775413711583925
557,0.9971631205673759,0.9881796690307328,0.8775413711583925
558,0.9971631205673759,0.9881796690307328,0.8775413711583925
559,0.9971631205673759,0.9881796690307328,0.8775413711583925
560,0.9971631205673759,0.9881796690307328,0.8775413711583925
561,0.9971631205673759,0.9881796690307328,0.8799054373522459
562,0.9971631205673759,0.9881796690307328,0.8799054373522459
563,0.9971631205673759,0.9881796690307328,0.8784869976359339
564,0.9971631205673759,0.9881796690307328,0.8784869976359339
565,0.9971631205673759,0.9881796690307328,0.8794326241134752
566,0.9971631205673759,0.9881796690307328,0.8794326241134752
567,0.9971631205673759,0.9881796690307328,0.8794326241134752
568,0.9971631205673759,0.9881796690307328,0.8789598108747045
569,0.9971631205673759,0.9881796690307328,0.8789598108747045
570,0.9971631205673759,0.9881796690307328,0.8789598108747045
571,0.9971631205673759,0.9881796690307328,0.8789598108747045
572,0.9971631205673759,0.9881796690307328,0.8789598108747045
573,0.9971631205673759,0.9881796690307328,0.8789598108747045
574,0.9971631205673759,0.9881796690307328,0.8789598108747045
575,0.9971631205673759,0.9881796690307328,0.8789598108747045
576,0.9971631205673759,0.9881796690307328,0.8789598108747045
577,0.9971631205673759,0.9881796690307328,0.8789598108747045
578,0.9971631205673759,0.9881796690307328,0.8789598108747045
579,0.9971631205673759,0.9881796690307328,0.8789598108747045
580,0.9971631205673759,0.9881796690307328,0.8789598108747045
581,0.9971631205673759,0.9881796690307328,0.8789598108747045
582,0.9971631205673759,0.9881796690307328,0.8803782505910166
583,0.9971631205673759,0.9881796690307328,0.8803782505910166
584,0.9971631205673759,0.9881796690307328,0.8808510638297873
585,0.9971631205673759,0.9881796690307328,0.8808510638297873
586,0.9971631205673759,0.9881796690307328,0.8808510638297873
587,0.9971631205673759,0.9881796690307328,0.8808510638297873
588,0.9971631205673759,0.9881796690307328,0.8808510638297873
589,0.9971631205673759,0.9881796690307328,0.8808510638297873
590,0.9971631205673759,0.9881796690307328,0.8808510638297873
591,0.9971631205673759,0.9881796690307328,0.8832151300236407
592,0.9971631205673759,0.9881796690307328,0.8832151300236407
593,0.9971631205673759,0.9881796690307328,0.8869976359338061
594,0.9971631205673759,0.9881796690307328,0.8869976359338061
595,0.9971631205673759,0.9881796690307328,0.8869976359338061
596,0.9971631205673759,0.9881796690307328,0.8869976359338061
597,0.9971631205673759,0.9881796690307328,0.8869976359338061
598,0.9971631205673759,0.9881796690307328,0.8869976359338061
599,0.9971631205673759,0.9881796690307328,0.8869976359338061
600,0.9971631205673759,0.9881796690307328,0.8869976359338061
601,0.9971631205673759,0.9881796690307328,0.8869976359338061
602,0.9971631205673759,0.9881796690307328,0.8869976359338061
603,0.9971631205673759,0.9881796690307328,0.8869976359338061
604,0.9971631205673759,0.9881796690307328,0.8869976359338061
605,0.9971631205673759,0.9881796690307328,0.8869976359338061
606,0.9971631205673759,0.9881796690307328,0.8869976359338061
607,0.9971631205673759,0.9881796690307328,0.8893617021276595
608,0.9971631205673759,0.9881796690307328,0.8893617021276595
609,0.9971631205673759,0.9881796690307328,0.8893617021276595
610,0.9971631205673759,0.9881796690307328,0.8893617021276595
611,0.9971631205673759,0.9881796690307328,0.8893617021276595
612,0.9971631205673759,0.9881796690307328,0.8893617021276595
613,0.9971631205673759,0.9881796690307328,0.8893617021276595
614,0.9971631205673759,0.9881796690307328,0.8893617021276595
615,0.9971631205673759,0.9881796690307328,0.8893617021276595
616,0.9971631205673759,0.9881796690307328,0.8912529550827423
617,0.9971631205673759,0.9881796690307328,0.8912529550827423
618,0.9971631205673759,0.9881796690307328,0.8912529550827423
619,0.9971631205673759,0.9881796690307328,0.8912529550827423
620,0.9971631205673759,0.9881796690307328,0.8912529550827423
621,0.9971631205673759,0.9881796690307328,0.8912529550827423
622,0.9971631205673759,0.9881796690307328,0.8912529550827423
623,0.9971631205673759,0.9881796690307328,0.8936170212765957
624,0.9971631205673759,0.9881796690307328,0.8936170212765957
625,0.9971631205673759,0.9881796690307328,0.8936170212765957
626,0.9971631205673759,0.9881796690307328,0.8936170212765957
627,0.9971631205673759,0.9881796690307328,0.8936170212765957
628,0.9971631205673759,0.9881796690307328,0.8936170212765957
629,0.9971631205673759,0.9881796690307328,0.8936170212765957
630,0.9971631205673759,0.9881796690307328,0.8936170212765957
631,0.9971631205673759,0.9881796690307328,0.8936170212765957
632,0.9971631205673759,0.9881796690307328,0.8936170212765957
633,0.9971631205673759,0.9881796690307328,0.8936170212765957
634,0.9971631205673759,0.9881796690307328,0.8936170212765957
635,0.9971631205673759,0.9881796690307328,0.8936170212765957
636,0.9971631205673759,0.9881796690307328,0.8936170212765957
637,0.9971631205673759,0.9881796690307328,0.8936170212765957
638,0.9971631205673759,0.9881796690307328,0.8936170212765957
639,0.9971631205673759,0.9881796690307328,0.9011820330969267
640,0.9971631205673759,0.9881796690307328,0.9011820330969267
641,0.9971631205673759,0.9881796690307328,0.9011820330969267
642,0.9971631205673759,0.9881796690307328,0.9011820330969267
643,0.9971631205673759,0.9881796690307328,0.9011820330969267
644,0.9971631205673759,0.9881796690307328,0.9011820330969267
645,0.9971631205673759,0.9881796690307328,0.9011820330969267
646,0.9971631205673759,0.9881796690307328,0.9011820330969267
647,0.9971631205673759,0.9881796690307328,0.9011820330969267
648,0.9971631205673759,0.9881796690307328,0.9030732860520094
649,0.9971631205673759,0.9881796690307328,0.9030732860520094
650,0.9971631205673759,0.9881796690307328,0.9030732860520094
651,0.9971631205673759,0.9881796690307328,0.9030732860520094
652,0.9971631205673759,0.9881796690307328,0.9030732860520094
653,0.9971631205673759,0.9881796690307328,0.9030732860520094
654,0.9971631205673759,0.9881796690307328,0.9030732860520094
655,0.9971631205673759,0.9881796690307328,0.9030732860520094
656,0.9971631205673759,0.9881796690307328,0.9030732860520094
657,0.9971631205673759,0.9881796690307328,0.9030732860520094
658,0.9971631205673759,0.9881796690307328,0.9030732860520094
659,0.9971631205673759,0.9881796690307328,0.9030732860520094
660,0.9971631205673759,0.9881796690307328,0.9030732860520094
661,0.9971631205673759,0.9881796690307328,0.9030732860520094
662,0.9971631205673759,0.9881796690307328,0.9040189125295508
663,0.9971631205673759,0.9881796690307328,0.9040189125295508
664,0.9971631205673759,0.9881796690307328,0.9068557919621749
665,0.9971631205673759,0.9881796690307328,0.909692671394799
666,0.9971631205673759,0.9881796690307328,0.909692671394799
667,0.9971631205673759,0.9881796690307328,0.909692671394799
668,0.9971631205673759,0.9881796690307328,0.909692671394799
669,0.9971631205673759,0.9881796690307328,0.909692671394799
670,0.9971631205673759,0.9881796690307328,0.909692671394799
671,0.9971631205673759,0.9881796690307328,0.909692671394799
672,0.9971631205673759,0.9881796690307328,0.909692671394799
673,0.9971631205673759,0.9881796690307328,0.909692671394799
674,0.9971631205673759,0.9881796690307328,0.909692671394799
675,0.9971631205673759,0.9881796690307328,0.909692671394799
676,0.9971631205673759,0.9881796690307328,0.909692671394799
677,0.9971631205673759,0.9881796690307328,0.909692671394799
678,0.9971631205673759,0.9881796690307328,0.909692671394799
679,0.9971631205673759,0.9881796690307328,0.909692671394799
680,0.9971631205673759,0.9881796690307328,0.909692671394799
681,0.9971631205673759,0.9881796690307328,0.909692671394799
682,0.9971631205673759,0.9881796690307328,0.909692671394799
683,0.9971631205673759,0.9881796690307328,0.909692671394799
684,0.9971631205673759,0.9881796690307328,0.909692671394799
685,0.9971631205673759,0.9881796690307328,0.909692671394799
686,0.9976359338061466,0.9881796690307328,0.9044917257683215
687,0.9976359338061466,0.9881796690307328,0.9044917257683215
688,0.9976359338061466,0.9881796690307328,0.9044917257683215
689,0.9976359338061466,0.9881796690307328,0.9044917257683215
690,0.9976359338061466,0.9881796690307328,0.9044917257683215
691,0.9976359338061466,0.9881796690307328,0.9044917257683215
692,0.9976359338061466,0.9881796690307328,0.9044917257683215
693,0.9976359338061466,0.9881796690307328,0.9044917257683215
694,0.9976359338061466,0.9881796690307328,0.9035460992907801
695,0.9976359338061466,0.9881796690307328,0.9035460992907801
696,0.9976359338061466,0.9881796690307328,0.9035460992907801
697,0.9976359338061466,0.9881796690307328,0.9035460992907801
698,0.9976359338061466,0.9881796690307328,0.9035460992907801
699,0.9976359338061466,0.9881796690307328,0.9040189125295508
700,0.9976359338061466,0.9881796690307328,0.9063829787234042
701,0.9976359338061466,0.9881796690307328,0.9063829787234042
702,0.9976359338061466,0.9881796690307328,0.9063829787234042
703,0.9976359338061466,0.9881796690307328,0.9063829787234042
704,0.9976359338061466,0.9881796690307328,0.9063829787234042
705,0.9976359338061466,0.9881796690307328,0.9063829787234042
706,0.9976359338061466,0.9881796690307328,0.9078014184397163
707,0.9976359338061466,0.9881796690307328,0.9078014184397163
708,0.9976359338061466,0.9881796690307328,0.9078014184397163
709,0.9976359338061466,0.9881796690307328,0.9115839243498818
710,0.9976359338061466,0.9881796690307328,0.9115839243498818
711,0.9976359338061466,0.9881796690307328,0.9115839243498818
712,0.9976359338061466,0.9881796690307328,0.9115839243498818
713,0.9976359338061466,0.9881796690307328,0.9115839243498818
714,0.9976359338061466,0.9881796690307328,0.9115839243498818
715,0.9976359338061466,0.9881796690307328,0.9115839243498818
716,0.9976359338061466,0.9881796690307328,0.9115839243498818
717,0.9976359338061466,0.9881796690307328,0.9115839243498818
718,0.9976359338061466,0.9881796690307328,0.9115839243498818
719,0.9976359338061466,0.9881796690307328,0.9115839243498818
720,0.9976359338061466,0.9881796690307328,0.9115839243498818
721,0.9976359338061466,0.9881796690307328,0.9115839243498818
722,0.9976359338061466,0.9881796690307328,0.9115839243498818
723,0.9976359338061466,0.9881796690307328,0.9115839243498818
724,0.9976359338061466,0.9881796690307328,0.9115839243498818
725,0.9976359338061466,0.9881796690307328,0.9115839243498818
726,0.9976359338061466,0.9881796690307328,0.9115839243498818
727,0.9976359338061466,0.9881796690307328,0.9115839243498818
728,0.9976359338061466,0.9881796690307328,0.9115839243498818
729,0.9976359338061466,0.9881796690307328,0.9115839243498818
730,0.9976359338061466,0.9881796690307328,0.9115839243498818
731,0.9976359338061466,0.9881796690307328,0.9115839243498818
732,0.9976359338061466,0.9881796690307328,0.9115839243498818
733,0.9976359338061466,0.9881796690307328,0.9115839243498818
734,0.9976359338061466,0.9881796690307328,0.9115839243498818
735,0.9976359338061466,0.9881796690307328,0.9115839243498818
736,0.9976359338061466,0.9881796690307328,0.9115839243498818
737,0.9976359338061466,0.9881796690307328,0.9115839243498818
738,0.9976359338061466,0.9881796690307328,0.9115839243498818
739,0.9976359338061466,0.9881796690307328,0.9115839243498818
740,0.9976359338061466,0.9881796690307328,0.9115839243498818
741,0.9976359338061466,0.9881796690307328,0.9115839243498818
742,0.9976359338061466,0.9881796690307328,0.9115839243498818
743,0.9976359338061466,0.9881796690307328,0.9139479905437352
744,0.9976359338061466,0.9881796690307328,0.9139479905437352
745,0.9976359338061466,0.9881796690307328,0.9139479905437352
746,0.9976359338061466,0.9881796690307328,0.9139479905437352
747,0.9976359338061466,0.9881796690307328,0.9148936170212766
748,0.9976359338061466,0.9881796690307328,0.9148936170212766
749,0.9976359338061466,0.9881796690307328,0.9148936170212766
750,0.9976359338061466,0.9881796690307328,0.9148936170212766
751,0.9976359338061466,0.9881796690307328,0.9148936170212766
752,0.9976359338061466,0.9881796690307328,0.9148936170212766
753,0.9976359338061466,0.9881796690307328,0.9148936170212766
754,0.9976359338061466,0.9881796690307328,0.9148936170212766
755,0.9976359338061466,0.9881796690307328,0.9148936170212766
756,0.9976359338061466,0.9881796690307328,0.9148936170212766
757,0.9976359338061466,0.9881796690307328,0.9148936170212766
758,0.9976359338061466,0.9881796690307328,0.9148936170212766
759,0.9976359338061466,0.9881796690307328,0.9148936170212766
760,0.9976359338061466,0.9881796690307328,0.9148936170212766
761,0.9976359338061466,0.9881796690307328,0.9139479905437352
762,0.9976359338061466,0.9881796690307328,0.9163120567375886
763,0.9976359338061466,0.9881796690307328,0.9163120567375886
764,0.9976359338061466,0.9881796690307328,0.9163120567375886
765,0.9976359338061466,0.9881796690307328,0.9163120567375886
766,0.9976359338061466,0.9891252955082742,0.9163120567375886
767,0.9976359338061466,0.9891252955082742,0.9163120567375886
768,0.9976359338061466,0.9891252955082742,0.9163120567375886
769,0.9976359338061466,0.9891252955082742,0.915839243498818
770,0.9976359338061466,0.9891252955082742,0.915839243498818
771,0.9976359338061466,0.9891252955082742,0.915839243498818
772,0.9976359338061466,0.9891252955082742,0.915839243498818
773,0.9976359338061466,0.9891252955082742,0.915839243498818
774,0.9976359338061466,0.9891252955082742,0.915839243498818
775,0.9976359338061466,0.9891252955082742,0.915839243498818
776,0.9976359338061466,0.9891252955082742,0.915839243498818
777,0.9976359338061466,0.9891252955082742,0.91725768321513
778,0.9976359338061466,0.9891252955082742,0.91725768321513
779,0.9976359338061466,0.9891252955082742,0.91725768321513
780,0.9976359338061466,0.9891252955082742,0.91725768321513
781,0.9976359338061466,0.9891252955082742,0.9177304964539007
782,0.9976359338061466,0.9891252955082742,0.9177304964539007
783,0.9976359338061466,0.9891252955082742,0.9177304964539007
784,0.9976359338061466,0.9891252955082742,0.9177304964539007
785,0.9976359338061466,0.9891252955082742,0.9177304964539007
786,0.9976359338061466,0.9891252955082742,0.9177304964539007
787,0.9976359338061466,0.9891252955082742,0.9177304964539007
788,0.9976359338061466,0.9891252955082742,0.9177304964539007
789,0.9976359338061466,0.9891252955082742,0.9177304964539007
790,0.9976359338061466,0.9891252955082742,0.9177304964539007
791,0.9976359338061466,0.9891252955082742,0.9177304964539007
792,0.9976359338061466,0.9891252955082742,0.9177304964539007
793,0.9976359338061466,0.9891252955082742,0.9177304964539007
794,0.9976359338061466,0.9891252955082742,0.9177304964539007
795,0.9976359338061466,0.9891252955082742,0.9177304964539007
796,0.9976359338061466,0.9891252955082742,0.9177304964539007
797,0.9976359338061466,0.9891252955082742,0.9177304964539007
798,0.9976359338061466,0.9891252955082742,0.9177304964539007
799,0.9976359338061466,0.9891252955082742,0.9177304964539007
800,0.9976359338061466,0.9891252955082742,0.9177304964539007
801,0.9976359338061466,0.9891252955082742,0.9177304964539007
802,0.9976359338061466,0.9891252955082742,0.9177304964539007
803,0.9976359338061466,0.9891252955082742,0.9177304964539007
804,0.9976359338061466,0.9891252955082742,0.9177304964539007
805,0.9976359338061466,0.9891252955082742,0.9177304964539007
806,0.9976359338061466,0.9891252955082742,0.9177304964539007
807,0.9976359338061466,0.9891252955082742,0.9177304964539007
808,0.9976359338061466,0.9891252955082742,0.9177304964539007
809,0.9976359338061466,0.9891252955082742,0.9177304964539007
810,0.9976359338061466,0.9891252955082742,0.9177304964539007
811,0.9976359338061466,0.9891252955082742,0.9177304964539007
812,0.9976359338061466,0.9891252955082742,0.9177304964539007
813,0.9976359338061466,0.9891252955082742,0.9177304964539007
814,0.9976359338061466,0.9891252955082742,0.9191489361702128
815,0.9976359338061466,0.9891252955082742,0.9191489361702128
816,0.9976359338061466,0.9891252955082742,0.9191489361702128
817,0.9976359338061466,0.9891252955082742,0.9191489361702128
818,0.9976359338061466,0.9891252955082742,0.9191489361702128
819,0.9976359338061466,0.9891252955082742,0.9191489361702128
820,0.9976359338061466,0.9891252955082742,0.9191489361702128
821,0.9976359338061466,0.9891252955082742,0.9191489361702128
822,0.9976359338061466,0.9891252955082742,0.9191489361702128
823,0.9976359338061466,0.9891252955082742,0.9191489361702128
824,0.9976359338061466,0.9891252955082742,0.9191489361702128
825,0.9976359338061466,0.9891252955082742,0.9191489361702128
826,0.9976359338061466,0.9891252955082742,0.9191489361702128
827,0.9976359338061466,0.9891252955082742,0.9210401891252955
828,0.9976359338061466,0.9891252955082742,0.9210401891252955
829,0.9976359338061466,0.9891252955082742,0.9210401891252955
830,0.9976359338061466,0.9891252955082742,0.9210401891252955
831,0.9976359338061466,0.9891252955082742,0.9210401891252955
832,0.9976359338061466,0.9891252955082742,0.9210401891252955
833,0.9976359338061466,0.9891252955082742,0.9224586288416076
834,0.9976359338061466,0.9891252955082742,0.9224586288416076
835,0.9976359338061466,0.9891252955082742,0.9224586288416076
836,0.9976359338061466,0.9891252955082742,0.9224586288416076
837,0.9976359338061466,0.9891252955082742,0.9224586288416076
838,0.992434988179669,0.9914893617021276,0.9224586288416076
839,0.992434988179669,0.9914893617021276,0.9224586288416076
840,0.992434988179669,0.9914893617021276,0.9224586288416076
841,0.992434988179669,0.9914893617021276,0.9224586288416076
842,0.992434988179669,0.9914893617021276,0.9224586288416076
843,0.992434988179669,0.9914893617021276,0.9224586288416076
844,0.992434988179669,0.9914893617021276,0.9224586288416076
845,0.992434988179669,0.9914893617021276,0.9224586288416076
846,0.992434988179669,0.9914893617021276,0.9224586288416076
847,0.992434988179669,0.9914893617021276,0.9224586288416076
848,0.992434988179669,0.9914893617021276,0.9224586288416076
849,0.992434988179669,0.9914893617021276,0.9224586288416076
850,0.992434988179669,0.9914893617021276,0.9224586288416076
851,0.992434988179669,0.9914893617021276,0.9224586288416076
852,0.992434988179669,0.9914893617021276,0.9224586288416076
853,0.992434988179669,0.9914893617021276,0.9224586288416076
854,0.992434988179669,0.9914893617021276,0.9224586288416076
855,0.992434988179669,0.9914893617021276,0.9224586288416076
856,0.992434988179669,0.9914893617021276,0.9224586288416076
857,0.992434988179669,0.9914893617021276,0.9224586288416076
858,0.992434988179669,0.9914893617021276,0.9224586288416076
859,0.992434988179669,0.9914893617021276,0.9224586288416076
860,0.992434988179669,0.9914893617021276,0.9224586288416076
861,0.992434988179669,0.9914893617021276,0.9238770685579196
862,0.992434988179669,0.9914893617021276,0.9238770685579196
863,0.992434988179669,0.9914893617021276,0.9238770685579196
864,0.992434988179669,0.9914893617021276,0.9238770685579196
865,0.992434988179669,0.9914893617021276,0.9238770685579196
866,0.992434988179669,0.9914893617021276,0.9238770685579196
867,0.992434988179669,0.9914893617021276,0.9238770685579196
868,0.992434988179669,0.9914893617021276,0.9238770685579196
869,0.992434988179669,0.9914893617021276,0.9252955082742317
870,0.992434988179669,0.9914893617021276,0.9252955082742317
871,0.992434988179669,0.9914893617021276,0.9252955082742317
872,0.992434988179669,0.9914893617021276,0.9252955082742317
873,0.992434988179669,0.9914893617021276,0.9252955082742317
874,0.992434988179669,0.9914893617021276,0.9252955082742317
875,0.992434988179669,0.9914893617021276,0.9252955082742317
876,0.992434988179669,0.9914893617021276,0.9252955082742317
877,0.992434988179669,0.9914893617021276,0.9252955082742317
878,0.992434988179669,0.9914893617021276,0.9252955082742317
879,0.992434988179669,0.9914893617021276,0.9252955082742317
880,0.992434988179669,0.9914893617021276,0.9252955082742317
881,0.992434988179669,0.9914893617021276,0.9252955082742317
882,0.992434988179669,0.9914893617021276,0.9252955082742317
883,0.992434988179669,0.9914893617021276,0.9252955082742317
884,0.992434988179669,0.9914893617021276,0.9252955082742317
885,0.992434988179669,0.9914893617021276,0.9252955082742317
886,0.992434988179669,0.9914893617021276,0.9257683215130024
887,0.992434988179669,0.9914893617021276,0.9257683215130024
888,0.992434988179669,0.9914893617021276,0.9257683215130024
889,0.992434988179669,0.9914893617021276,0.9257683215130024
890,0.992434988179669,0.9914893617021276,0.9257683215130024
891,0.992434988179669,0.9914893617021276,0.9257683215130024
892,0.992434988179669,0.9914893617021276,0.9257683215130024
893,0.992434988179669,0.9914893617021276,0.9257683215130024
894,0.992434988179669,0.9914893617021276,0.9257683215130024
895,0.992434988179669,0.9914893617021276,0.9257683215130024
896,0.992434988179669,0.9914893617021276,0.9257683215130024
897,0.992434988179669,0.9914893617021276,0.9257683215130024
898,0.992434988179669,0.9914893617021276,0.9257683215130024
899,0.992434988179669,0.9914893617021276,0.9257683215130024
900,0.992434988179669,0.9914893617021276,0.9257683215130024
901,0.992434988179669,0.9914893617021276,0.9257683215130024
902,0.992434988179669,0.9914893617021276,0.9257683215130024
903,0.992434988179669,0.9914893617021276,0.9257683215130024
904,0.992434988179669,0.9914893617021276,0.9257683215130024
905,0.992434988179669,0.9914893617021276,0.9257683215130024
906,0.992434988179669,0.9914893617021276,0.9257683215130024
907,0.992434988179669,0.9914893617021276,0.9257683215130024
908,0.992434988179669,0.9914893617021276,0.9257683215130024
909,0.992434988179669,0.9914893617021276,0.9257683215130024
910,0.992434988179669,0.9914893617021276,0.9257683215130024
911,0.992434988179669,0.9914893617021276,0.9257683215130024
912,0.992434988179669,0.9914893617021276,0.9257683215130024
913,0.992434988179669,0.9914893617021276,0.9257683215130024
914,0.992434988179669,0.9914893617021276,0.9257683215130024
915,0.992434988179669,0.9914893617021276,0.9257683215130024
916,0.992434988179669,0.9914893617021276,0.9257683215130024
917,0.992434988179669,0.9914893617021276,0.9257683215130024
918,0.992434988179669,0.9914893617021276,0.9257683215130024
919,0.992434988179669,0.9914893617021276,0.9257683215130024
920,0.992434988179669,0.9914893617021276,0.9257683215130024
921,0.992434988179669,0.9914893617021276,0.9257683215130024
922,0.992434988179669,0.9914893617021276,0.9257683215130024
923,0.992434988179669,0.9914893617021276,0.9257683215130024
924,0.992434988179669,0.9914893617021276,0.9257683215130024
925,0.992434988179669,0.9914893617021276,0.9257683215130024
926,0.992434988179669,0.9914893617021276,0.9257683215130024
927,0.992434988179669,0.9914893617021276,0.9257683215130024
928,0.992434988179669,0.9914893617021276,0.9257683215130024
929,0.992434988179669,0.9914893617021276,0.9271867612293144
930,0.992434988179669,0.9914893617021276,0.9271867612293144
931,0.992434988179669,0.9914893617021276,0.9271867612293144
932,0.992434988179669,0.9914893617021276,0.9271867612293144
933,0.992434988179669,0.9914893617021276,0.9271867612293144
934,0.992434988179669,0.9914893617021276,0.9271867612293144
935,0.992434988179669,0.9914893617021276,0.9271867612293144
936,0.992434988179669,0.9914893617021276,0.9271867612293144
937,0.992434988179669,0.9914893617021276,0.9271867612293144
938,0.992434988179669,0.9914893617021276,0.9271867612293144
939,0.992434988179669,0.9914893617021276,0.9271867612293144
940,0.992434988179669,0.9914893617021276,0.9271867612293144
941,0.992434988179669,0.9914893617021276,0.9271867612293144
942,0.992434988179669,0.9914893617021276,0.9271867612293144
943,0.992434988179669,0.9914893617021276,0.9271867612293144
944,0.992434988179669,0.9914893617021276,0.9271867612293144
945,0.992434988179669,0.9914893617021276,0.9271867612293144
946,0.992434988179669,0.9914893617021276,0.9271867612293144
947,0.992434988179669,0.9914893617021276,0.9271867612293144
948,0.992434988179669,0.9914893617021276,0.9271867612293144
949,0.992434988179669,0.9914893617021276,0.9271867612293144
950,0.992434988179669,0.9914893617021276,0.9271867612293144
951,0.992434988179669,0.9914893617021276,0.9271867612293144
952,0.992434988179669,0.9914893617021276,0.9271867612293144
953,0.992434988179669,0.9914893617021276,0.9271867612293144
954,0.992434988179669,0.9914893617021276,0.9271867612293144
955,0.992434988179669,0.9914893617021276,0.9271867612293144
956,0.992434988179669,0.9914893617021276,0.9271867612293144
957,0.992434988179669,0.9914893617021276,0.9271867612293144
958,0.992434988179669,0.9914893617021276,0.9271867612293144
959,0.992434988179669,0.9914893617021276,0.9271867612293144
960,0.992434988179669,0.9914893617021276,0.9286052009456265
961,0.992434988179669,0.9914893617021276,0.9286052009456265
962,0.992434988179669,0.9914893617021276,0.9290780141843972
963,0.992434988179669,0.9914893617021276,0.9290780141843972
964,0.992434988179669,0.9914893617021276,0.9290780141843972
965,0.992434988179669,0.9914893617021276,0.9290780141843972
966,0.992434988179669,0.9914893617021276,0.9290780141843972
967,0.992434988179669,0.9914893617021276,0.9290780141843972
968,0.992434988179669,0.9914893617021276,0.9290780141843972
969,0.992434988179669,0.9914893617021276,0.9290780141843972
970,0.992434988179669,0.9914893617021276,0.9290780141843972
971,0.992434988179669,0.9914893617021276,0.9290780141843972
972,0.992434988179669,0.9914893617021276,0.9290780141843972
973,0.992434988179669,0.9914893617021276,0.9290780141843972
974,0.992434988179669,0.9914893617021276,0.9290780141843972
975,0.992434988179669,0.9914893617021276,0.9290780141843972
976,0.992434988179669,0.9914893617021276,0.9290780141843972
977,0.992434988179669,0.9914893617021276,0.9290780141843972
978,0.992434988179669,0.9914893617021276,0.9290780141843972
979,0.992434988179669,0.9914893617021276,0.9290780141843972
980,0.992434988179669,0.9914893617021276,0.9290780141843972
981,0.992434988179669,0.9914893617021276,0.9290780141843972
982,0.992434988179669,0.9914893617021276,0.9295508274231679
983,0.992434988179669,0.9914893617021276,0.9295508274231679
984,0.992434988179669,0.9914893617021276,0.9295508274231679
985,0.992434988179669,0.9914893617021276,0.9295508274231679
986,0.992434988179669,0.9914893617021276,0.9295508274231679
987,0.992434988179669,0.9914893617021276,0.9295508274231679
988,0.992434988179669,0.9914893617021276,0.9295508274231679
989,0.992434988179669,0.9914893617021276,0.9295508274231679
990,0.992434988179669,0.9914893617021276,0.9295508274231679
991,0.992434988179669,0.9914893617021276,0.9295508274231679
992,0.992434988179669,0.9914893617021276,0.9295508274231679
993,0.992434988179669,0.9914893617021276,0.9295508274231679
994,0.992434988179669,0.9914893617021276,0.9295508274231679
995,0.992434988179669,0.9914893617021276,0.9295508274231679
996,0.992434988179669,0.9914893617021276,0.9295508274231679
997,0.992434988179669,0.9914893617021276,0.9295508274231679
998,0.992434988179669,0.9914893617021276,0.9295508274231679
999,0.992434988179669,0.9914893617021276,0.9295508274231679
